company,City,CompanyCode,State,compensation,Salary,Stock,Bonus
Amazon,Austin,amzn, TX,130000,120000,10000,0
Amazon,New York,amzn, NY,156000,120000,20000,16000
Amazon,Palo Alto,amzn, CA,175666,137000,38000,0
Amazon,San Francisco,amzn, CA,185000,140000,25000,20000
Amazon,Seattle,amzn, WA,164000,130000,12000,32000
Amazon,Toronto,amzn, Canada,153000,98000,21000,34000
Amazon,Vancouver,amzn, Canada,136000,100000,16000,20000
Bloomberg,London,Bloomberg, United Kingdom,91000,91000,0,0
Bloomberg,New York,Bloomberg, NY,200000,142000,18000,0
Microsoft,Bellevue,msft, WA,139000,109000,20000,10000
Microsoft,London,msft,London,91000,76000,4000,11000
Microsoft,Redmond,msft, WA,133000,118000,3000,12000
Microsoft,San Francisco,msft, CA,125000,80000,20000,25000
Microsoft,San Juan,msft, Puerto Rico,104000,90000,8000,6000
Microsoft,Vancouver,msft, Canada,120000,110000,4000,6000
