company,companyCode,companyStockURL,state,city,location,levelTag,levelTagNormalized,specializationTag,totalCompensation,salary,stock,bonus,rating,recommendToFriend,interviewDifficulty,noOfEmployees,ceoApproval,appliedOnline,Recruiter,employeeReferral,campusRecruiting,other,inPerson,staffingAgency
Accenture,acn,https://www.nasdaq.com/symbol/acn,MA,Boston,"Boston, MA",Manager,6,Full Stack,124000,119000,5000,0,3.8,78,2.8,10000+,90,33,10,12,32,3,4,6
Accenture,acn,https://www.nasdaq.com/symbol/acn,TX,Dallas,"Dallas, TX",Manager,6,Big data Tech lead,128000,118000,10000,0,3.8,78,2.8,10000+,90,33,10,12,32,3,4,6
Adobe,adbe,https://www.nasdaq.com/symbol/adbe,CA,Los Angeles,"Los Angeles, CA",Senior Software Engineer (4),4,Web Development (Front-End),281000,145000,129000,7000,4.2,85,3.1,10000+,96,26,18,21,24,3,3,5
Adobe,adbe,https://www.nasdaq.com/symbol/adbe,TX,Austin,"Austin, TX",Technical Support Engineer 4,1,Technical Support,117000,102000,10000,5000,4.2,85,3.1,10000+,96,26,18,21,24,3,3,5
Adobe,adbe,https://www.nasdaq.com/symbol/adbe,CA,San Jose,"San Jose, CA",Software Engineer 1,1,Distributed Systems (Back-End),140000,120000,20000,0,4.2,85,3.1,10000+,96,26,18,21,24,3,3,5
Adobe,adbe,https://www.nasdaq.com/symbol/adbe,San Jose,San Jose,San Jose,Software Engineer 2,2,Full Stack,150000,120000,22000,8000,4.2,85,3.1,10000+,96,26,18,21,24,3,3,5
Adobe,adbe,https://www.nasdaq.com/symbol/adbe,CA,San Jose,"San Jose, CA",Senior Software Engineer (4),4,Full Stack,240000,140000,50000,50000,4.2,85,3.1,10000+,96,26,18,21,24,3,3,5
Adobe,adbe,https://www.nasdaq.com/symbol/adbe,CA,San Francisco,"San Francisco, CA",Senior Software Engineer (4),4,Full Stack,209000,120000,50000,39000,4.2,85,3.1,10000+,96,26,18,21,24,3,3,5
Airbnb,AIRBNB,https://stocktwits.com/symbol/AIRBNB,CA,San Framcisco,"San Framcisco, CA",L5,5,Full Stack,450000,220000,190000,40000,3.9,77,3.1,5000+,86,58,14,19,4,2,2,1
Airbnb,AIRBNB,https://stocktwits.com/symbol/AIRBNB,CA,Oakland,"Oakland, CA",L6,6,Distributed Systems (Back-End),550000,225000,270000,55000,3.9,77,3.1,5000+,86,58,14,19,4,2,2,1
Airbnb,AIRBNB,https://stocktwits.com/symbol/AIRBNB,CA,San Francisco,"San Francisco, CA",L5,5,Full Stack,527000,210000,275000,42000,3.9,77,3.1,5000+,86,58,14,19,4,2,2,1
Airbnb,AIRBNB,https://stocktwits.com/symbol/AIRBNB,CA,San Francisco,"San Francisco, CA",L4,4,Web Development (Front-End),292000,180000,90000,22000,3.9,77,3.1,5000+,86,58,14,19,4,2,2,1
Airbnb,AIRBNB,https://stocktwits.com/symbol/AIRBNB,CA,San Francisco,"San Francisco, CA",L5,5,ML / AI,300000,200000,60000,40000,3.9,77,3.1,5000+,86,58,14,19,4,2,2,1
Airbnb,AIRBNB,https://stocktwits.com/symbol/AIRBNB,WA,Seattle,"Seattle, WA",L4,4,Full Stack,334000,195000,110000,29000,3.9,77,3.1,5000+,86,58,14,19,4,2,2,1
Airbnb,AIRBNB,https://stocktwits.com/symbol/AIRBNB,CA,San Francisco,"San Francisco, CA",L5,5,Full Stack,422000,197000,186000,40000,3.9,77,3.1,5000+,86,58,14,19,4,2,2,1
Airbnb,AIRBNB,https://stocktwits.com/symbol/AIRBNB,CA,San Francisco,"San Francisco, CA",L4,4,Full Stack,200000,170000,20000,10000,3.9,77,3.1,5000+,86,58,14,19,4,2,2,1
Airbnb,AIRBNB,https://stocktwits.com/symbol/AIRBNB,WA,Seattle,"Seattle, WA",L4,4,Full Stack,343000,195000,118000,30000,3.9,77,3.1,5000+,86,58,14,19,4,2,2,1
Airbnb,AIRBNB,https://stocktwits.com/symbol/AIRBNB,OH,San Francisco,"San Francisco, CA",L5,4,Full Stack,422000,197000,186000,40000,3.9,77,3.1,5000+,86,58,14,19,4,2,2,1
Airbnb,AIRBNB,https://stocktwits.com/symbol/AIRBNB,FL,San Francisco,"San Francisco, CA",L4,4,Full Stack,200000,170000,20000,10000,3.9,77,3.1,5000+,86,58,14,19,4,2,2,1
Airbnb,AIRBNB,https://stocktwits.com/symbol/AIRBNB,TX,Seattle,"Seattle, WA",L4,4,Full Stack,343000,195000,118000,30000,3.9,77,3.1,5000+,86,58,14,19,4,2,2,1
Airbnb,AIRBNB,https://stocktwits.com/symbol/AIRBNB,XX,San Francisco,"San Francisco, CA",L5,4,Full Stack,422000,197000,186000,40000,3.9,77,3.1,5000+,86,58,14,19,4,2,2,1
Airbnb,AIRBNB,https://stocktwits.com/symbol/AIRBNB,YY,San Francisco,"San Francisco, CA",L4,4,Full Stack,200000,170000,20000,10000,3.9,77,3.1,5000+,86,58,14,19,4,2,2,1
Airbnb,AIRBNB,https://stocktwits.com/symbol/AIRBNB,ZZ,Seattle,"Seattle, WA",L4,4,Full Stack,343000,195000,118000,30000,3.9,77,3.1,5000+,86,58,14,19,4,2,2,1
Akamai,akam,https://www.nasdaq.com/symbol/akam,CA,Santa clara,"Santa clara, CA",Senior,3,Full Stack,187000,162000,11000,14000,3.6,72,3.1,5000+,84,35,18,20,16,2,2,6
